frame,player1_x,player1_y,player2_x,player2_y
1201,728.2965698242188,232.82538986206055,1490.2315673828125,898.0391235351562
1202,733.5940246582031,233.7995376586914,1496.476318359375,896.5426940917969
1203,737.8753051757812,232.96540069580078,1510.4075927734375,894.3936767578125
1204,762.1608581542969,235.02880859375,1522.3352661132812,892.4852905273438
1206,772.7713317871094,236.79666137695312,1550.2078247070312,889.0083312988281
1239,694.2009887695312,226.8303985595703,1635.9525146484375,803.2236328125
1240,691.1988220214844,226.38816452026367,1635.44970703125,798.4360656738281
1241,688.75244140625,226.35346603393555,1634.376708984375,796.5046691894531
1242,686.2159118652344,226.68783569335938,1634.0213012695312,794.2878723144531
1243,678.2514953613281,226.33792114257812,1634.9957275390625,794.5609130859375
1247,666.2781066894531,226.73839569091797,1633.9156494140625,789.0896911621094
1248,662.1376342773438,227.2177963256836,1634.24267578125,788.1516418457031
1249,660.1133728027344,226.4190444946289,1633.5001831054688,787.11181640625
1250,656.7875061035156,225.8180694580078,1631.5828857421875,787.0915832519531
1251,650.9943237304688,224.14910888671875,1630.5399169921875,785.8362731933594
1252,649.1291809082031,223.0983543395996,1629.5597534179688,784.5074768066406
1253,645.9779357910156,224.91854095458984,1628.9771118164062,784.4420471191406
1254,641.5293579101562,225.99425888061523,1627.8484497070312,785.6551208496094
1255,637.7055969238281,224.20191192626953,1626.4730834960938,784.3539428710938
1256,635.6593322753906,222.20427703857422,1625.4561767578125,785.4387817382812
1257,631.6580200195312,221.48789978027344,1623.5526123046875,785.7518615722656
1258,629.2809448242188,221.75687408447266,1622.2225341796875,784.72998046875
1259,626.6496887207031,221.24305725097656,1619.3321533203125,784.5314636230469
1260,622.8275756835938,222.1020050048828,1617.4871826171875,784.1665649414062
1261,617.5491027832031,221.66171264648438,1616.5892333984375,782.6317443847656
1262,614.6023864746094,220.44495010375977,1615.4933471679688,782.619873046875
1263,610.4210510253906,220.5576934814453,1614.1885986328125,781.3917846679688
1264,606.4259338378906,218.62700653076172,1611.9195556640625,782.28515625
1265,604.5533447265625,217.24229049682617,1610.8178100585938,781.1780090332031
1266,601.2948913574219,218.83221817016602,1610.0780029296875,780.6131286621094
1267,597.3288269042969,216.32596969604492,1607.718505859375,779.6093444824219
1268,593.0869140625,216.76794815063477,1604.64453125,779.0664978027344
1269,588.9349670410156,215.62774276733398,1602.4843139648438,778.0658264160156
1270,583.8507995605469,213.8501968383789,1601.1941528320312,778.2835388183594
1271,581.4526672363281,215.05810165405273,1600.5997924804688,776.8524780273438
1272,578.4780578613281,215.5049057006836,1598.8999633789062,777.4421997070312
1273,574.2687377929688,214.26987838745117,1597.146240234375,776.8276062011719
1274,570.793212890625,213.76934814453125,1596.4339599609375,776.6722412109375
1275,568.1112518310547,213.17426300048828,1595.3408203125,776.6159973144531
1276,564.5318298339844,213.39003372192383,1593.8897094726562,776.4944458007812
1277,561.8919372558594,213.74946975708008,1593.1279907226562,776.4052734375
1278,558.1100158691406,211.5437469482422,1592.1964721679688,776.0447998046875
1279,553.9485168457031,210.9480438232422,1591.26904296875,775.4081420898438
1280,550.2309265136719,211.14025497436523,1589.1766967773438,775.7106323242188
1281,545.9847869873047,211.4023551940918,1587.3762817382812,775.93505859375
1282,540.1125030517578,206.6579933166504,1584.7142333984375,776.552490234375
1283,534.5373840332031,205.26586532592773,1583.4314575195312,776.3673400878906
1284,531.0806427001953,203.45184326171875,1582.6292114257812,776.2518005371094
1285,527.2989807128906,203.01329040527344,1581.1653442382812,775.5012512207031
1286,524.8992919921875,201.51159286499023,1579.8824462890625,775.4039611816406
1287,519.6396636962891,200.51256942749023,1578.2361450195312,774.8687133789062
1288,516.7161254882812,197.28863525390625,1576.7713623046875,775.3356628417969
1289,514.2929840087891,196.4691390991211,1575.6781616210938,774.0329284667969
1290,1057.1993408203125,127.9186019897461,1574.8753051757812,773.9222412109375
1291,1064.52978515625,127.894775390625,1574.9760131835938,774.1567993164062
1292,1062.8604125976562,129.83468627929688,1574.0507202148438,773.9561462402344
1315,500.2872619628906,572.6108551025391,1349.8275146484375,541.2741394042969
1316,496.79022216796875,572.8721008300781,1352.720947265625,541.7740020751953
1317,500.2885284423828,570.6132049560547,1362.4661865234375,534.5986022949219
1318,499.8813171386719,570.5635070800781,1362.4892578125,534.3487701416016
1319,536.4640502929688,568.9977722167969,1365.3956909179688,533.8155212402344
1320,536.5264282226562,569.32080078125,1364.5349731445312,533.8197631835938
1321,537.1201934814453,570.0309448242188,1363.347900390625,534.3153991699219
1322,537.2385406494141,570.0437927246094,1359.3132934570312,533.5318908691406
1323,538.1873779296875,570.2032012939453,1362.908203125,533.5725402832031
1324,538.1838684082031,569.9972991943359,1364.9290771484375,532.0417633056641
1325,538.4780578613281,569.4512329101562,1365.1862182617188,531.3733367919922
1326,538.5411071777344,569.4122314453125,1370.0353393554688,530.0979309082031
1327,538.7143707275391,568.6915283203125,1370.8065795898438,530.0382385253906
1328,538.1641082763672,568.2578277587891,1373.5173950195312,530.2955017089844
1329,538.6185607910156,567.2414245605469,1379.04345703125,529.6818542480469
1330,539.0981903076172,566.4884796142578,1380.9851684570312,529.7470092773438
1331,540.40380859375,565.5119934082031,1384.427734375,528.7993316650391
1332,540.0037384033203,565.4097595214844,1388.3739013671875,527.9251861572266
1333,540.9629516601562,564.6484222412109,1392.139892578125,526.4429473876953
1334,541.0854339599609,564.3912048339844,1393.307861328125,527.2019195556641
1335,541.3051300048828,563.9559631347656,1397.2031860351562,525.0912170410156
1336,540.7704010009766,564.0706787109375,1398.7190551757812,525.3485870361328
1337,540.4150085449219,563.4750823974609,1400.2454223632812,524.563232421875
1338,540.7873992919922,562.9679565429688,1402.0198974609375,524.8132934570312
1339,541.0288543701172,562.4447479248047,1403.8914184570312,525.3970489501953
1340,541.3916320800781,561.8841705322266,1404.473876953125,525.1930847167969
1341,540.5124053955078,560.9581146240234,1402.0335693359375,526.5338745117188
1342,539.4364013671875,561.0367126464844,1403.7233276367188,525.3123321533203
1343,538.3097686767578,560.6942596435547,1403.2551879882812,524.3189239501953
1344,537.9819030761719,561.6293334960938,1403.9454345703125,527.8293609619141
1345,537.6251983642578,562.1883392333984,1400.571044921875,527.9922790527344
1346,538.4412994384766,561.7546691894531,1401.4560546875,532.2852020263672
1347,536.5372924804688,562.1674194335938,1398.3680419921875,530.3250274658203
1348,532.2813873291016,562.2840728759766,1395.4326171875,522.4328460693359
1349,532.0147705078125,562.5418243408203,1395.2321166992188,519.8659362792969
1350,532.5152130126953,563.8519134521484,1398.3880615234375,513.4210205078125
1351,535.9074096679688,563.8234252929688,1403.1566162109375,508.1877136230469
1352,535.7165069580078,563.6149139404297,1405.881591796875,505.07701110839844
1353,532.0285797119141,563.5706176757812,1409.343505859375,502.7403869628906
1354,531.4051971435547,563.1584777832031,1413.5703735351562,499.1293487548828
1355,531.1398010253906,562.4140167236328,1426.4083862304688,498.68882751464844
1356,531.6856231689453,561.1751708984375,1431.3767700195312,497.1768341064453
1357,530.6650390625,560.0670776367188,1435.7197875976562,497.0834197998047
1358,530.4371185302734,559.2225036621094,1435.4891967773438,504.59828186035156
1359,529.5677490234375,558.7216644287109,1432.9363403320312,514.5966339111328
1360,529.0792694091797,558.2467803955078,1432.5877075195312,532.915283203125
1361,527.0089416503906,558.3667449951172,1433.5062255859375,537.4884185791016
1362,523.8400268554688,559.7138061523438,1434.2576293945312,539.4535980224609
1363,523.6392059326172,561.0399169921875,1437.8444213867188,539.8269653320312
1364,523.8209838867188,562.3185424804688,1440.6229248046875,541.7578125
1365,523.1363830566406,567.5953674316406,1442.892578125,541.9798126220703
1366,523.0629272460938,571.2202453613281,1444.2957153320312,542.6167449951172
1367,524.2242736816406,578.1363830566406,1441.8855590820312,540.878173828125
1368,525.3260955810547,582.3218994140625,1441.2263793945312,539.9147644042969
1369,525.7330627441406,591.6666412353516,1443.43603515625,540.9779968261719
1370,528.4323425292969,595.4569244384766,1445.2072143554688,545.7847442626953
1371,533.8758544921875,601.2536315917969,1459.836181640625,548.4707336425781
1372,537.673095703125,610.1702270507812,1460.2476806640625,552.6073455810547
1373,536.4996032714844,619.7340087890625,1478.5198974609375,555.2774353027344
1374,537.261474609375,625.0181579589844,1488.75634765625,558.5630493164062
1375,539.4060821533203,630.6824645996094,1481.1760864257812,564.7651824951172
1376,541.8041687011719,632.6027984619141,1495.6092529296875,569.2203216552734
1377,545.8041534423828,636.5817108154297,1477.5386962890625,572.8224182128906
1378,549.3588714599609,639.4403686523438,1478.0582275390625,577.0935363769531
1379,555.5940399169922,643.5146789550781,1478.7793579101562,579.1031341552734
1380,557.8060455322266,645.7410583496094,1475.561279296875,578.9986114501953
1381,565.3242950439453,648.3578796386719,1472.1376953125,578.2554473876953
1382,566.2456817626953,650.2996520996094,1468.4625244140625,576.5083923339844
1383,569.6114501953125,651.0784454345703,1467.3366088867188,575.3518981933594
1384,572.3675842285156,651.6225433349609,1464.0613403320312,572.7926177978516
1385,572.6260986328125,652.1592254638672,1458.6558837890625,573.76611328125
1386,572.6281890869141,651.8778076171875,1456.7513427734375,573.418212890625
1387,572.3551483154297,651.3939514160156,1460.076416015625,572.0893249511719
1388,570.6246948242188,649.6221313476562,1452.8585815429688,572.9239959716797
1389,568.5551147460938,648.4052581787109,1448.2938842773438,573.5301666259766
1390,567.402587890625,646.4957733154297,1445.0712890625,574.1539764404297
1391,565.3339080810547,644.4547882080078,1443.4364624023438,575.1855010986328
1392,562.906494140625,642.0785369873047,1443.0084838867188,577.0005798339844
1393,560.07470703125,641.3373413085938,1443.6242065429688,578.4981842041016
1394,559.1996917724609,639.1931610107422,1442.051513671875,580.6147155761719
1395,555.4694366455078,636.5654144287109,1440.2473754882812,582.1155395507812
1396,554.7875366210938,634.2284545898438,1439.8602294921875,583.7786712646484
1397,552.6771240234375,631.9888763427734,1439.9340209960938,584.2544403076172
1398,550.1131896972656,631.3715515136719,1438.5448608398438,584.9403533935547
1399,548.8595886230469,630.3514709472656,1436.465087890625,585.0590972900391
1400,547.6451873779297,629.8224334716797,1435.0177001953125,584.0468444824219
1401,547.5118408203125,630.3390655517578,1431.5881958007812,583.2213897705078
1402,545.9590606689453,629.6923675537109,1426.5653686523438,581.7104644775391
1403,544.1312103271484,628.6799926757812,1424.4121704101562,581.6116333007812
1404,541.568115234375,628.5139617919922,1426.7172241210938,581.1175994873047
1405,537.6959991455078,627.8013610839844,1424.708984375,579.3494873046875
1406,537.4401245117188,627.4020080566406,1427.0751342773438,578.3347778320312
1407,535.1595001220703,625.3030700683594,1423.7893676757812,576.8473510742188
1408,533.8027801513672,623.2217559814453,1419.5276489257812,576.2074890136719
1409,530.9339904785156,621.4550018310547,1413.7421264648438,575.0899047851562
1410,529.0858154296875,620.87158203125,1408.698486328125,574.0443725585938
1411,527.6754302978516,617.174560546875,1408.806396484375,573.5423583984375
1412,527.8588104248047,614.2152099609375,1408.8211059570312,572.0829467773438
1413,527.6328277587891,609.9533233642578,1405.73388671875,570.6753845214844
1414,525.8646087646484,607.6501007080078,1398.1470947265625,568.4417572021484
1415,527.1149139404297,607.2346649169922,1386.9254760742188,566.9936218261719
1416,526.2004089355469,602.4795684814453,1377.6173706054688,565.9059295654297
1417,525.3679351806641,595.0752868652344,1367.168701171875,563.2724304199219
1418,525.6968383789062,594.2293395996094,1362.7973022460938,560.1434783935547
1419,525.1177825927734,592.2589263916016,1358.6766357421875,557.3197631835938
1420,524.0286254882812,589.5992889404297,1356.930419921875,549.1678009033203
1421,522.6013946533203,586.0985870361328,1357.7825927734375,543.5452423095703
1422,524.4405059814453,581.4002685546875,1359.743896484375,539.7907104492188
1423,521.8769073486328,578.6964874267578,1357.374267578125,533.6104583740234
1424,520.4750823974609,577.7091979980469,1364.7457885742188,526.9060668945312
1425,519.4074096679688,577.8307647705078,1363.2604370117188,523.9485168457031
1426,519.2364654541016,578.4201965332031,1365.1092529296875,520.0510101318359
1427,519.9233856201172,579.2833404541016,1382.4891357421875,514.7269897460938
1428,519.8464050292969,581.6269989013672,1385.9518432617188,513.7001342773438
1429,518.3579254150391,583.8810424804688,1398.1436767578125,512.7449493408203
1430,519.5459136962891,585.4163665771484,1404.2028198242188,512.6942291259766
1431,517.4868011474609,586.7206420898438,1412.150146484375,513.4675598144531
1432,519.2037811279297,589.3070068359375,1415.8456420898438,514.1475067138672
1433,519.5203857421875,590.6717834472656,1419.325927734375,518.6974182128906
1434,521.5583801269531,593.4256744384766,1420.95458984375,523.8221282958984
1435,525.3455963134766,593.7110900878906,1422.1854858398438,527.6545715332031
1436,527.3373413085938,594.406494140625,1423.3609008789062,530.8434295654297
1437,530.1709899902344,596.1392059326172,1423.4229736328125,535.7061614990234
1438,534.9799652099609,594.4781799316406,1424.3851318359375,544.0771636962891
1439,536.0457763671875,594.7760467529297,1424.4190673828125,552.2944183349609
1440,534.3117218017578,595.8077850341797,1424.810791015625,553.5755310058594
1441,537.1160888671875,596.4994201660156,1425.9713134765625,559.3567962646484
1442,541.7612762451172,597.4816436767578,1427.9501953125,562.4387817382812
1443,546.0550231933594,596.0747680664062,1427.2623291015625,565.6759948730469
1444,548.3102264404297,594.1978759765625,1429.170166015625,568.6177368164062
1445,549.9074096679688,592.0761108398438,1428.5115356445312,570.1275634765625
1446,550.8152923583984,591.3462982177734,1429.331298828125,571.3290710449219
1447,549.6869201660156,590.5970764160156,1429.9647216796875,570.4921569824219
1448,550.5317687988281,590.7608642578125,1431.5342407226562,569.6130981445312
1449,548.5751037597656,587.5562896728516,1437.9222412109375,567.1664428710938
1450,547.6669006347656,584.6792907714844,1446.5242309570312,563.7687835693359
1451,545.7518768310547,581.8475189208984,1457.0228881835938,561.2503051757812
1452,543.8832855224609,579.2780456542969,1466.4072265625,560.0755462646484
1453,549.7233428955078,577.2088470458984,1477.0971069335938,558.5530548095703
1454,552.945556640625,577.4644775390625,1483.9853515625,557.3158111572266
1455,548.4084625244141,574.1034698486328,1489.434326171875,554.8037414550781
1456,548.2324676513672,571.8516082763672,1494.70703125,554.630615234375
1457,545.3959808349609,568.3408660888672,1499.8084716796875,555.1167297363281
1458,541.3939666748047,565.1440887451172,1503.1196899414062,559.2834777832031
1459,539.8023376464844,548.6178588867188,1510.2890625,559.6644287109375
1460,534.7400054931641,545.9485931396484,1518.3717651367188,562.6426696777344
1461,530.2742919921875,546.7899169921875,1532.918701171875,564.2055358886719
1462,532.8777465820312,536.1685180664062,1541.1864624023438,566.2502288818359
1463,537.1805267333984,544.5853729248047,1552.2527465820312,567.24462890625
1464,534.9138641357422,541.6182861328125,1557.379150390625,569.2608795166016
1465,524.0812072753906,538.0459747314453,1560.2059326171875,571.8652954101562
1466,518.2705078125,535.1793365478516,1565.950927734375,574.2558746337891
1467,514.4176635742188,531.8728942871094,1572.5390014648438,575.391845703125
1468,509.6466064453125,535.9079437255859,1573.78125,573.0848541259766
1469,505.03050231933594,536.6481628417969,1577.066650390625,572.6072235107422
1470,501.4344940185547,538.5058135986328,1578.4573974609375,571.4658508300781
1471,501.21238708496094,549.9058685302734,1582.2586059570312,571.8800201416016
1472,501.14593505859375,551.8626556396484,1585.2783813476562,570.1893157958984
1473,502.7820587158203,559.6855163574219,1589.0960083007812,569.0880432128906
1474,504.7106628417969,561.5828552246094,1589.5806274414062,566.7107696533203
1475,509.7467498779297,565.4398040771484,1594.54833984375,563.96240234375
1476,507.8479919433594,567.5691833496094,1597.1885375976562,559.5493469238281
1477,508.5284729003906,570.5599212646484,1597.4609985351562,557.9116363525391
1478,509.4407501220703,571.8786163330078,1598.1272583007812,558.2379150390625
1479,513.3755035400391,572.302734375,1598.1129760742188,557.8504943847656
1480,515.4673309326172,572.4592437744141,1600.2144775390625,557.6666870117188
1481,517.3148803710938,574.4714660644531,1601.70166015625,558.8143157958984
1482,517.6450042724609,574.4514617919922,1603.1875610351562,559.7170257568359
1483,518.4035186767578,573.0235748291016,1602.403564453125,559.740234375
1484,518.1064453125,571.8022613525391,1603.2578735351562,560.8590545654297
1485,516.6649780273438,569.9913940429688,1604.3565063476562,560.5782012939453
1486,515.3754272460938,569.3168334960938,1604.78662109375,559.3096618652344
1487,514.1409606933594,568.7730560302734,1606.34765625,557.826416015625
1488,511.33070373535156,568.4964141845703,1608.1386108398438,558.6622924804688
1489,509.36383056640625,567.9515838623047,1602.8340454101562,558.372802734375
1490,507.7152099609375,567.7771759033203,1596.4705810546875,557.5141143798828
1491,505.9254455566406,568.6508331298828,1582.6471557617188,555.5546875
1492,504.09291076660156,568.0402679443359,1590.0975341796875,553.10595703125
1493,502.237060546875,569.0682983398438,1572.6084594726562,550.7980346679688
1494,500.64356994628906,569.1456298828125,1575.5836791992188,549.0719604492188
1495,500.0173645019531,569.3623809814453,1580.1022338867188,545.3308410644531
1496,499.39598083496094,570.6264038085938,1587.1693115234375,543.3544006347656
1497,498.54937744140625,572.1204528808594,1594.3314819335938,543.3672180175781
1498,496.77447509765625,572.4195404052734,1592.3865356445312,543.2772979736328
1499,495.5505065917969,573.5772705078125,1590.475830078125,540.5872955322266
1500,495.38323974609375,573.2774963378906,1592.0433959960938,539.8423767089844
1501,494.33229064941406,572.9357147216797,1594.5529174804688,538.6747741699219
1502,494.43402099609375,572.3428649902344,1598.120849609375,537.5041656494141
1503,492.0679168701172,572.5628814697266,1601.1118774414062,536.7630462646484
1504,493.26287841796875,573.4888763427734,1612.4639282226562,536.7235565185547
1505,490.6205139160156,574.6864929199219,1609.0928955078125,534.8669128417969
1506,492.900146484375,574.3106231689453,1608.4107055664062,534.1566772460938
1507,490.80909729003906,577.1867065429688,1611.9841918945312,534.3248291015625
1508,492.51690673828125,580.5733337402344,1613.5505981445312,533.3571929931641
1509,493.2864227294922,585.2794036865234,1617.697998046875,532.1757965087891
1510,493.55345153808594,588.3491821289062,1615.138916015625,534.64599609375
1511,495.10862731933594,592.6551666259766,1616.9659423828125,535.6882171630859
1512,495.0772705078125,598.4190521240234,1606.9089965820312,536.4445495605469
1513,496.5106201171875,602.9130249023438,1603.449462890625,540.1426239013672
1514,496.5509796142578,610.3230285644531,1637.451904296875,543.8377990722656
1515,492.06260681152344,616.3676910400391,1603.4376831054688,546.6977691650391
1516,493.54962158203125,618.2029724121094,1604.4227905273438,549.5923309326172
1517,493.19776916503906,619.9798126220703,1604.1522216796875,550.7274017333984
1518,492.3704071044922,622.4991302490234,1607.1900634765625,552.45361328125
1519,489.7843322753906,624.5083770751953,1606.5741577148438,555.0468902587891
1520,488.46697998046875,624.3250122070312,1605.2252197265625,555.2535552978516
1521,486.95057678222656,625.1447601318359,1601.9998168945312,554.8578033447266
1522,486.06951904296875,625.0305633544922,1598.2012329101562,553.5156555175781
1523,489.384521484375,625.4428100585938,1592.7654418945312,551.5370025634766
1524,490.9668273925781,625.8910522460938,1588.0167846679688,550.9572143554688
1525,501.1831817626953,625.9427490234375,1583.6648559570312,550.3609313964844
1526,506.82484436035156,625.4744110107422,1580.6253662109375,549.3000030517578
1527,515.3079986572266,625.9038238525391,1578.7378540039062,547.9647979736328
1528,520.7165222167969,625.0587615966797,1577.5227661132812,547.2965698242188
1529,529.3146362304688,623.221923828125,1576.2055053710938,546.2394866943359
1530,528.7695922851562,620.2391815185547,1572.9874267578125,546.1357727050781
1531,530.0883331298828,619.0608215332031,1572.1204833984375,548.6058044433594
1532,527.5025787353516,616.3247528076172,1569.088623046875,550.1800994873047
1533,523.9736480712891,613.9279174804688,1566.522216796875,551.5898284912109
1534,526.3014831542969,612.6869201660156,1559.0772705078125,555.3121948242188
1535,518.9775543212891,610.8279418945312,1552.506591796875,557.9554138183594
1536,518.5071716308594,608.5110931396484,1547.9395141601562,560.5467071533203
1537,505.39259338378906,608.2467956542969,1546.3065795898438,562.5165557861328
1538,503.7155303955078,605.4381256103516,1545.8565063476562,563.8775024414062
1539,501.0843200683594,603.1676177978516,1545.5532836914062,565.4989318847656
1540,500.6459655761719,602.2224273681641,1543.8496704101562,567.6127166748047
1541,502.8998565673828,601.686767578125,1544.48291015625,567.7160186767578
1542,503.8841552734375,601.484619140625,1544.3198852539062,567.3941345214844
1543,502.4587097167969,601.2417755126953,1539.3568725585938,566.0984344482422
1544,499.6109619140625,600.7725067138672,1534.7447509765625,564.4490203857422
1545,499.19483947753906,600.9782409667969,1527.5337524414062,563.9608001708984
1546,498.19602966308594,600.5506896972656,1522.13232421875,561.76513671875
1547,497.13885498046875,600.0369873046875,1519.2029418945312,560.7028198242188
1548,489.0912780761719,598.9591369628906,1518.52294921875,558.8565216064453
1549,488.7788391113281,597.3657989501953,1518.7913208007812,557.8234405517578
1550,491.80580139160156,596.4069976806641,1517.4247436523438,560.1785888671875
1551,493.2971954345703,594.0122985839844,1516.5042114257812,560.9900207519531
1552,492.9535217285156,590.9923400878906,1514.6054077148438,561.5470123291016
1553,491.42567443847656,586.8161773681641,1511.6593017578125,562.7539520263672
1554,492.30979919433594,584.43310546875,1510.4064331054688,563.5535888671875
1555,491.70428466796875,582.5933532714844,1508.435791015625,563.1019592285156
1556,491.28314208984375,581.8239898681641,1507.5689086914062,563.6190032958984
1557,490.65415954589844,580.5023345947266,1505.9057006835938,561.6808624267578
1558,489.7852020263672,577.8593444824219,1504.6178588867188,562.8309020996094
1559,489.1107635498047,576.5468444824219,1503.4120483398438,562.8144226074219
1560,489.11402893066406,575.8679656982422,1502.3988037109375,563.7672729492188
1561,489.2619323730469,574.8934326171875,1499.1641235351562,563.1404418945312
1562,491.76963806152344,573.648681640625,1498.5284423828125,562.9544525146484
1563,488.3247833251953,573.0457763671875,1495.5142211914062,562.2885894775391
1564,486.7408447265625,572.9888153076172,1487.9666137695312,557.8019714355469
1565,488.3842010498047,573.7016143798828,1478.5809936523438,557.6150970458984
1566,488.9497528076172,574.4429016113281,1463.3759155273438,558.3846130371094
1567,486.7565460205078,575.0824584960938,1450.445068359375,557.2059020996094
1568,489.5882110595703,575.1737365722656,1441.0311889648438,555.9549865722656
1569,489.924560546875,575.2711486816406,1444.1024169921875,551.8154296875
1570,490.1386413574219,575.1165618896484,1444.1304321289062,547.6693725585938
1571,492.0021057128906,574.7686004638672,1451.1771850585938,540.2066192626953
1572,495.0735778808594,574.8932189941406,1461.044189453125,536.5693664550781
1573,494.4108581542969,575.3130187988281,1471.2533569335938,533.4100189208984
1574,493.1442565917969,574.83544921875,1473.4641723632812,528.5615844726562
1575,493.6733093261719,575.6273803710938,1470.4422607421875,523.3530120849609
1576,495.4306182861328,575.4492034912109,1474.557861328125,521.4578247070312
1577,498.21458435058594,574.5821685791016,1478.2669677734375,518.6208038330078
1578,497.564208984375,574.7917785644531,1478.6448364257812,512.5458831787109
1579,496.02313232421875,575.9640655517578,1480.6304321289062,507.63800048828125
1580,496.6049041748047,575.1320648193359,1480.6992797851562,504.560791015625
1581,495.12066650390625,575.9629211425781,1482.8858642578125,503.1389465332031
1582,494.7276153564453,575.3173828125,1481.6278686523438,501.4523468017578
1583,495.09246826171875,575.6727905273438,1481.7197875976562,499.4516906738281
1584,494.95204162597656,578.208984375,1481.8064575195312,499.3849639892578
1585,494.2210693359375,581.5121917724609,1482.4701538085938,499.8530578613281
1586,494.7107696533203,584.9708862304688,1482.723388671875,501.33349609375
1587,494.2857666015625,588.6504211425781,1482.7427978515625,504.1074676513672
1588,494.78346252441406,593.1864624023438,1481.2531127929688,506.1532897949219
1589,494.26124572753906,595.3357543945312,1481.6648559570312,511.3614196777344
1590,493.8462829589844,599.8110198974609,1482.7506103515625,514.3559265136719
1591,493.9871368408203,606.3330078125,1485.2197875976562,521.8493041992188
1592,494.8372039794922,613.1054382324219,1484.515869140625,528.2405242919922
1593,495.0672912597656,621.3587036132812,1484.1241455078125,530.8642272949219
1594,496.7546844482422,628.5495300292969,1486.4988403320312,533.1744537353516
1595,497.89039611816406,633.7306365966797,1487.3857421875,538.4130249023438
1596,500.1802215576172,636.8246612548828,1487.475830078125,541.4096832275391
1597,499.5895690917969,640.8952331542969,1487.5571899414062,543.6421508789062
1598,498.4702911376953,644.4275207519531,1487.7890625,546.0368499755859
1599,497.48133850097656,647.4497222900391,1487.8868408203125,546.1986541748047
1600,494.23634338378906,647.3007049560547,1488.1260375976562,545.8059997558594
1601,490.8519744873047,647.2671203613281,1489.2639770507812,544.7994232177734
1602,490.9771728515625,646.9630737304688,1488.7315673828125,542.7474060058594
1603,498.5716552734375,646.7694702148438,1489.19140625,539.1219940185547
1604,500.9172668457031,646.3389434814453,1489.3777465820312,537.5930633544922
1605,512.8646087646484,646.5810241699219,1490.8858642578125,537.2430572509766
1606,513.4964752197266,643.2988891601562,1492.2119140625,536.7765197753906
1607,522.5872955322266,641.6775512695312,1495.1727294921875,536.3348541259766
1608,529.034912109375,640.3444976806641,1497.4736328125,535.6778869628906
1609,535.4111938476562,637.9088592529297,1499.348876953125,536.6254425048828
1610,536.3271636962891,636.0478820800781,1500.4871826171875,537.7291259765625
1611,539.085205078125,634.3368988037109,1501.508056640625,540.090087890625
1612,541.5945739746094,635.5602569580078,1504.2959594726562,542.1487274169922
1613,538.2333831787109,630.2506713867188,1507.2960815429688,544.6886291503906
1614,537.3535766601562,628.2200164794922,1511.5790405273438,547.0815124511719
1615,535.1341857910156,625.958984375,1513.7568969726562,549.8431396484375
1616,531.8708801269531,623.6863403320312,1513.6246337890625,551.9801177978516
1617,526.5963897705078,620.4799346923828,1513.570556640625,553.7331695556641
1618,526.5791473388672,617.3338623046875,1520.4945678710938,555.0615081787109
1619,518.7668151855469,615.1254119873047,1524.580078125,555.8329315185547
1620,518.6929626464844,614.3448028564453,1525.3189086914062,554.7292785644531
1621,515.7894439697266,612.8130340576172,1524.906494140625,552.3764038085938
1622,513.8497009277344,612.9620819091797,1525.1484985351562,552.2022247314453
1623,511.9465026855469,611.8490753173828,1524.400390625,550.4336242675781
1624,510.4765167236328,611.429931640625,1524.2393798828125,547.7089385986328
1625,509.0063781738281,611.4467010498047,1523.9972534179688,546.3218078613281
1626,509.1075897216797,610.6817779541016,1523.7588500976562,545.1972503662109
1627,506.96099853515625,610.5096435546875,1524.12890625,544.4212951660156
1628,503.099609375,610.2655181884766,1524.0338134765625,543.6795959472656
1629,501.5535125732422,609.9838256835938,1524.8643188476562,544.6132354736328
1630,500.6164855957031,604.3600006103516,1525.3430786132812,545.8919525146484
1631,499.1131286621094,602.4812164306641,1527.5690307617188,545.5425872802734
1632,498.0188446044922,598.6753234863281,1527.6939086914062,547.2954254150391
1633,495.9263153076172,593.5939483642578,1529.0899658203125,546.8904266357422
1634,495.6590576171875,590.3869171142578,1531.140869140625,548.7476654052734
1635,493.6880340576172,589.3818054199219,1532.8016967773438,551.8723754882812
1636,492.6387176513672,586.8023529052734,1534.7908325195312,553.6849365234375
1637,490.0608215332031,585.621826171875,1537.1266479492188,553.7582702636719
1638,489.4692840576172,583.7488250732422,1539.661865234375,553.5931549072266
1639,489.0602264404297,578.3908386230469,1540.7456665039062,551.4139556884766
1640,488.7831115722656,577.1807556152344,1538.97216796875,549.9121398925781
1641,487.93959045410156,576.5788879394531,1516.797119140625,549.0173492431641
1642,487.1616973876953,576.3240966796875,1517.3194580078125,547.6371307373047
1643,486.688720703125,577.2900238037109,1518.302734375,546.3936614990234
1644,486.4808654785156,578.1201324462891,1515.751953125,543.7880859375
1645,486.2500305175781,579.1597595214844,1515.8306274414062,541.76806640625
1646,485.7860107421875,579.3502807617188,1514.9697265625,541.9669952392578
1647,485.18836975097656,579.735107421875,1517.2179565429688,539.2086486816406
1648,486.0869598388672,579.4174346923828,1516.4752807617188,534.4003601074219
1649,487.1254577636719,579.8717041015625,1530.1267700195312,530.5624694824219
1650,487.52430725097656,579.6315155029297,1533.3190307617188,529.7207946777344
1651,487.8657989501953,578.8186187744141,1541.8817138671875,522.1807098388672
1652,488.4981994628906,579.3196411132812,1542.6144409179688,517.141845703125
1653,485.1819610595703,580.7935180664062,1544.756591796875,512.3275756835938
1654,486.62217712402344,581.9205322265625,1547.4537963867188,512.1707611083984
1655,486.0542907714844,586.1024780273438,1547.9131469726562,515.3779449462891
1656,484.3931579589844,589.8080749511719,1548.1195068359375,514.5626983642578
1657,481.41310119628906,592.5457611083984,1549.5640869140625,517.6599731445312
1658,485.3984069824219,594.7011108398438,1554.0413818359375,519.6489562988281
1659,480.37962341308594,598.5551910400391,1556.1016845703125,526.6209259033203
1660,475.53074645996094,599.9748077392578,1557.671630859375,530.8372955322266
1661,473.3664855957031,603.4939270019531,1559.5267944335938,537.5152435302734
1662,475.51904296875,604.3666839599609,1561.5054321289062,536.0717315673828
1663,474.9066162109375,610.4367370605469,1561.9855346679688,540.5716400146484
1664,476.3093719482422,614.2506866455078,1562.7535400390625,545.6632232666016
1665,478.3673553466797,616.0585784912109,1562.6538696289062,549.5536651611328
1666,481.571044921875,620.2090606689453,1564.6343383789062,553.3069152832031
1667,481.9334411621094,623.2458648681641,1564.8378295898438,557.1876831054688
1668,485.23634338378906,625.4027709960938,1563.9892578125,560.0570373535156
1669,491.2583770751953,628.3515930175781,1563.379150390625,560.5708770751953
1670,491.7919006347656,628.9205932617188,1564.18505859375,560.6035614013672
1671,484.26837158203125,628.2694702148438,1564.2064819335938,558.6274108886719
1672,481.9677734375,628.1502532958984,1563.7546997070312,556.2836608886719
1673,471.60693359375,628.7459106445312,1563.7598876953125,553.9760284423828
1674,472.58238220214844,626.0028991699219,1564.009765625,549.8349456787109
1675,468.4418640136719,622.6148071289062,1566.061279296875,547.8792114257812
1676,467.84571838378906,621.8082733154297,1568.482177734375,544.135986328125
1677,465.88768005371094,616.9638061523438,1574.4942016601562,541.7772979736328
1678,473.81797790527344,613.2113800048828,1580.2708129882812,539.5822906494141
1679,496.12681579589844,609.6253814697266,1586.3731689453125,537.2749633789062
1680,498.4560241699219,604.6473999023438,1590.2009887695312,535.2864074707031
1681,500.3365020751953,602.0578308105469,1593.3438720703125,533.6928405761719
1682,507.756591796875,599.7154541015625,1595.760498046875,532.4940490722656
1683,535.5533599853516,597.8700256347656,1598.018310546875,532.6842956542969
1684,537.6459808349609,602.4551544189453,1602.2508544921875,535.6142578125
1685,540.2583465576172,596.4675750732422,1606.0804443359375,536.7485046386719
1686,537.5788879394531,598.5250701904297,1610.4261474609375,538.5572052001953
1687,526.9558258056641,599.1085357666016,1614.8347778320312,539.711181640625
1688,526.893798828125,599.5765686035156,1616.1676025390625,542.8789520263672
1689,518.0569458007812,602.4828033447266,1619.4934692382812,545.0156097412109
1690,521.6378936767578,602.7635192871094,1621.7418823242188,546.4132080078125
1691,521.1689758300781,604.9115142822266,1633.9456176757812,548.8447113037109
1692,522.2372894287109,606.0794677734375,1633.93359375,549.0005340576172
1693,522.957275390625,606.2704467773438,1632.8970336914062,546.3260955810547
1694,522.3863372802734,605.0863037109375,1632.3267822265625,544.9082336425781
1695,521.2074279785156,603.1292724609375,1630.174072265625,541.7220916748047
1696,522.1046142578125,600.9445953369141,1628.388427734375,538.5667419433594
1697,519.7930908203125,597.3664855957031,1626.3489990234375,535.0002593994141
1698,519.3459625244141,595.0319671630859,1625.3563232421875,532.7827453613281
1699,521.237548828125,593.6331329345703,1621.157958984375,530.1197967529297
1700,520.9132080078125,591.7944030761719,1618.6552734375,523.6671142578125
1701,519.8013916015625,589.05078125,1614.4708862304688,516.5799102783203
1702,518.7957458496094,584.0521545410156,1611.4067993164062,514.7785949707031
1703,518.8824462890625,582.1166381835938,1609.6290893554688,511.55555725097656
1704,518.3783111572266,582.5834503173828,1609.4373779296875,511.2267150878906
1705,516.3477630615234,580.34326171875,1609.6151733398438,508.70484924316406
1706,515.4974517822266,579.2466430664062,1611.3712768554688,506.1860656738281
1707,512.463134765625,578.0116729736328,1617.985595703125,505.1562042236328
1708,511.2171325683594,578.7343902587891,1622.047607421875,502.1565399169922
1709,508.5119934082031,579.7419891357422,1626.7664794921875,506.87742614746094
1710,504.5640411376953,580.4892425537109,1629.4676513671875,494.94529724121094
1711,496.0335235595703,582.4065856933594,1636.4022216796875,512.7881164550781
1712,494.6023712158203,585.52001953125,1640.256591796875,511.54579162597656
1713,486.9724578857422,587.1827087402344,1645.7362060546875,493.3552551269531
1714,492.3990783691406,589.2942810058594,1647.7274169921875,512.9241943359375
1715,479.6161804199219,590.0715484619141,1647.8003540039062,518.7516632080078
1716,477.48573303222656,590.3695220947266,1650.668701171875,518.0911407470703
1717,468.75994873046875,589.2272491455078,1650.0526733398438,524.2166137695312
1718,465.07872009277344,588.6914978027344,1649.4790649414062,528.4859619140625
1719,460.7919158935547,587.3820648193359,1650.097412109375,531.2296142578125
1720,461.0221252441406,586.5412902832031,1652.019287109375,530.2373504638672
1721,458.9744415283203,582.4346008300781,1656.596923828125,528.0633850097656
1722,453.6729431152344,580.2208862304688,1663.060546875,526.9620513916016
1723,446.31553649902344,579.7294006347656,1668.457763671875,526.6247253417969
1724,443.7904357910156,577.2875518798828,1674.0732421875,527.3310089111328
1725,438.0200958251953,575.9704132080078,1676.8258056640625,526.8863525390625
1726,435.91131591796875,573.5256500244141,1679.96484375,525.9773101806641
1727,431.65708923339844,572.4005584716797,1683.8851318359375,525.7604217529297
1728,428.7262420654297,569.3391723632812,1686.1030883789062,525.8433837890625
1729,426.0794677734375,568.3374786376953,1691.5279541015625,526.0247344970703
1730,424.9900665283203,567.3309020996094,1695.0003662109375,526.5478668212891
1731,419.9886779785156,565.992919921875,1700.256591796875,527.9368743896484
1732,418.2539825439453,561.7454986572266,1705.6987915039062,525.4121551513672
1733,411.7973327636719,557.6450347900391,1716.1613159179688,526.3048400878906
1734,410.78173828125,567.5846405029297,1719.469482421875,526.3208312988281
1735,402.43174743652344,569.2928314208984,1726.6636962890625,525.7982940673828
1736,396.20899963378906,576.8719787597656,1729.2520751953125,524.9868621826172
1737,389.4942169189453,581.3915252685547,1734.421630859375,527.4233093261719
1738,387.1590576171875,587.5370178222656,1736.5469360351562,526.6812744140625
1739,381.6527404785156,590.7830200195312,1739.1813354492188,526.3898468017578
1740,378.3783721923828,594.3013916015625,1740.125732421875,525.1034088134766
1741,376.8278350830078,602.7516479492188,1740.2984619140625,526.1390991210938
1742,373.1336212158203,602.2586517333984,1740.6829223632812,527.8453674316406
1743,372.0244140625,603.1678924560547,1740.945556640625,527.6740112304688
1744,370.17640686035156,604.9916229248047,1741.2395629882812,524.5668640136719
1745,369.45233154296875,605.8945159912109,1740.2122192382812,527.1369934082031
1746,368.4264373779297,610.2619934082031,1742.6893920898438,527.8331756591797
1747,368.18865966796875,611.8698883056641,1744.6754150390625,525.9860992431641
1748,367.8429260253906,614.3544158935547,1750.30517578125,524.5558929443359
1749,367.77000427246094,614.3206176757812,1752.09521484375,525.7408294677734
1750,367.5810241699219,614.8036651611328,1754.47265625,529.6666412353516
1751,369.37733459472656,615.919677734375,1757.4700927734375,530.877685546875
1752,369.1760559082031,617.7225494384766,1758.6946411132812,532.3935089111328
1753,369.29481506347656,617.722412109375,1761.4452514648438,532.9264068603516
1754,365.0399475097656,617.9798126220703,1761.913330078125,535.2234802246094
1755,361.4330749511719,618.6437835693359,1766.20458984375,537.0062561035156
1756,356.9089813232422,617.8304290771484,1768.0618286132812,536.927490234375
1757,344.905517578125,621.3938903808594,1770.1726684570312,537.7436828613281
1758,344.28053283691406,618.9082794189453,1772.0894165039062,539.8650054931641
1759,340.6951599121094,618.2435302734375,1774.5648193359375,541.0564270019531
1760,331.773193359375,618.4559173583984,1776.6815185546875,541.5830688476562
1761,325.6144332885742,622.0492858886719,1778.2041625976562,542.1248779296875
1762,319.1017837524414,625.8766326904297,1779.599853515625,542.735595703125
1763,310.78783416748047,628.7740020751953,1781.8932495117188,544.1069641113281
1764,307.0516815185547,629.0746612548828,1782.7093505859375,544.0310211181641
1765,302.3041534423828,635.5928955078125,1784.0560913085938,544.5467987060547
1766,298.7461471557617,639.7162170410156,1783.5567016601562,545.1395874023438
1767,297.866455078125,651.6565246582031,1782.9613037109375,545.4883880615234
1768,297.4066162109375,653.2303619384766,1782.2919921875,546.45263671875
1769,296.18627166748047,655.8248291015625,1780.2791748046875,546.5939025878906
1770,296.8882293701172,662.5952453613281,1778.5706176757812,547.4421844482422
1771,293.3401412963867,666.4549713134766,1776.7525634765625,548.0321655273438
1772,293.7032699584961,665.9565887451172,1774.57080078125,549.5489501953125
1773,291.97379302978516,671.5214080810547,1771.9934692382812,550.5773468017578
1774,292.35034942626953,673.1744384765625,1769.9849853515625,551.6558532714844
1775,292.0160903930664,676.3838500976562,1768.7350463867188,552.7516784667969
1776,288.62085723876953,678.1502838134766,1765.3679809570312,553.6456451416016
1777,282.7326889038086,680.1028747558594,1762.9346923828125,556.2256927490234
1778,281.80245208740234,681.2999114990234,1760.4151611328125,560.0190124511719
1779,272.99512481689453,682.4475402832031,1756.7435302734375,563.5286865234375
1780,267.4320755004883,682.7035675048828,1755.61376953125,567.7245330810547
1781,265.3343734741211,682.2163543701172,1752.2431640625,570.7796630859375
1782,262.52819061279297,683.8175354003906,1750.295654296875,572.8901214599609
1783,260.37500762939453,684.4459075927734,1744.0057373046875,574.5876159667969
1784,259.4237747192383,685.2206726074219,1739.063232421875,574.7578887939453
1785,259.18589782714844,686.4696350097656,1727.1481323242188,575.5029602050781
1786,259.09144592285156,683.2164916992188,1723.5330810546875,577.7626495361328
1787,258.49332427978516,684.3064117431641,1717.6045532226562,576.51123046875
1788,258.75707244873047,682.7506713867188,1712.397216796875,578.4723815917969
1789,260.18939208984375,681.6967010498047,1705.6959228515625,580.4998168945312
1790,262.9196243286133,681.3768157958984,1702.144775390625,580.20703125
1791,264.85552978515625,684.7334136962891,1701.7020263671875,581.9436950683594
1792,266.4600372314453,688.5281066894531,1702.5296630859375,583.4744567871094
1793,266.88512420654297,694.0345001220703,1699.6695556640625,584.0190124511719
1794,267.87828826904297,697.0146789550781,1697.26171875,584.9269409179688
1795,268.3683853149414,702.2417907714844,1694.2957153320312,585.7118682861328
1796,268.0021743774414,705.791015625,1693.149169921875,585.7217102050781
1797,267.95423126220703,709.3048095703125,1690.8782958984375,585.8834228515625
1798,268.2629089355469,709.0474548339844,1690.070068359375,585.8824615478516
1799,268.7560577392578,709.6461181640625,1687.0863037109375,586.1971740722656
1800,269.09154510498047,709.5488433837891,1687.261962890625,584.5347290039062
1801,269.34825897216797,714.9035186767578,1685.900390625,584.4012451171875
1802,270.0379943847656,712.1236267089844,1686.6791381835938,585.9944458007812
1803,269.1716613769531,715.0348968505859,1688.7613525390625,587.4006958007812
1804,268.27076721191406,716.9140167236328,1690.6314697265625,589.4861297607422
1805,269.3936309814453,718.7307891845703,1694.4385986328125,591.4846649169922
1806,269.1010208129883,718.8184967041016,1694.1549072265625,594.1112823486328
1807,268.8427200317383,718.3332366943359,1692.1600341796875,595.6076507568359
1808,268.13199615478516,718.2677154541016,1691.1046142578125,597.5684356689453
1809,267.92889404296875,719.1740570068359,1689.1348876953125,600.2619171142578
1810,267.73001861572266,720.7285766601562,1688.2005004882812,603.0006408691406
1811,268.43704986572266,721.2849731445312,1687.2333984375,604.8584289550781
1812,268.37972259521484,723.3292541503906,1686.8624267578125,605.4959106445312
1813,268.3055419921875,724.6831970214844,1685.4692993164062,608.0928344726562
1814,268.51171112060547,728.65478515625,1685.04931640625,609.8097839355469
1815,268.0528564453125,728.6320495605469,1686.0452270507812,609.9217071533203
1816,268.73524475097656,731.6040344238281,1687.5632934570312,611.1676025390625
1817,269.7471008300781,728.3307800292969,1689.19775390625,610.5489654541016
1818,269.7917022705078,733.8446960449219,1690.91455078125,609.6863708496094
1819,271.0561294555664,731.7098083496094,1692.9510498046875,609.990966796875
1820,272.4713134765625,734.3822021484375,1694.2540283203125,611.4214324951172
2305,162.49413299560547,439.0591125488281,906.1091003417969,575.5515747070312
2306,162.8133087158203,438.8663024902344,907.1417236328125,575.917236328125
2307,906.9693603515625,576.5395202636719,1703.7890625,408.8536682128906
2308,907.4935607910156,577.1819458007812,1708.0473022460938,406.89247131347656
2309,908.4384155273438,577.7828063964844,1710.6529541015625,405.8454284667969
2310,908.9202270507812,578.375244140625,1710.7861938476562,406.0125427246094
2311,909.4273681640625,578.7225799560547,1710.099609375,406.6695098876953
2312,910.5203247070312,579.2672424316406,1712.185546875,404.9069519042969
2313,911.3204956054688,579.8973846435547,1715.4700927734375,404.6302947998047
2314,911.7127075195312,580.5428314208984,1716.7158813476562,407.4642791748047
2315,912.0756225585938,580.99658203125,1715.3338623046875,405.35939025878906
2316,912.7750854492188,581.6124420166016,1716.31201171875,407.1936492919922
2317,913.1409301757812,582.0895385742188,1717.0089111328125,408.46405029296875
2318,913.4498291015625,582.8029632568359,1718.78759765625,409.79759216308594
2319,914.0278930664062,583.2160949707031,1721.1807861328125,409.75743103027344
2320,914.0044555664062,583.7404174804688,1722.079833984375,409.95469665527344
2321,914.1026000976562,584.3707122802734,1722.4149169921875,410.24147033691406
2322,913.8865356445312,585.027099609375,1722.533935546875,410.21058654785156
2323,914.0155334472656,585.5080871582031,1723.235595703125,409.4068298339844
2324,913.75634765625,586.1256408691406,1723.71435546875,408.8621368408203
2325,913.0453491210938,587.0571746826172,1724.145263671875,409.1705627441406
2326,912.1503295898438,587.736572265625,1724.609619140625,409.0674591064453
2327,911.258056640625,588.4089050292969,1724.9879150390625,408.85882568359375
2328,910.0469970703125,589.2497711181641,1725.07080078125,408.70619201660156
2329,909.158935546875,589.6458282470703,1725.2955322265625,408.6734619140625
2330,908.790771484375,589.7153167724609,1725.2918090820312,409.0927429199219
2331,908.6889038085938,590.0607604980469,1725.0686645507812,409.3154754638672
2332,908.1806030273438,590.6988677978516,1724.96484375,409.31341552734375
2333,907.5922546386719,591.1213073730469,1725.0135498046875,409.3302307128906
2334,906.86865234375,591.6605377197266,1724.9227294921875,409.6421356201172
2335,906.3623352050781,592.4525299072266,1724.79638671875,409.7899627685547
2336,905.779541015625,592.8305969238281,1724.666015625,409.3858337402344
2337,905.1800537109375,594.1693725585938,1724.5543212890625,409.11610412597656
2338,904.4496459960938,595.1107025146484,1724.5200805664062,410.0146179199219
2339,904.19677734375,595.3363952636719,1724.663818359375,410.5563201904297
2340,903.8296508789062,595.2599334716797,1724.4539794921875,410.92344665527344
2341,903.2574157714844,595.6272583007812,1724.467529296875,411.51429748535156
2342,902.8348388671875,595.7825164794922,1724.1681518554688,411.97132873535156
2343,903.1131591796875,595.9511108398438,1724.0782470703125,412.6678924560547
2344,902.1718139648438,597.0237121582031,1723.5208740234375,413.1809997558594
2345,899.5455932617188,598.0401306152344,1723.243408203125,413.0423583984375
2346,900.1001586914062,598.4275665283203,1722.5386962890625,412.8673858642578
2347,899.165283203125,599.6214294433594,1721.7684936523438,412.9259796142578
2348,899.0234985351562,600.146240234375,1720.5780029296875,413.12730407714844
2349,896.0198364257812,602.0501708984375,1719.917724609375,413.40345764160156
2350,894.602783203125,602.7796325683594,1719.3623046875,413.5539855957031
2351,893.199462890625,603.4434204101562,1718.555419921875,413.34718322753906
2352,893.3448486328125,604.4748229980469,1717.8802490234375,413.6841278076172
2353,891.955322265625,605.2790069580078,1717.7696533203125,414.01597595214844
2354,891.59765625,605.5823364257812,1717.5977783203125,414.36170959472656
2355,890.3867492675781,606.0595092773438,1717.6717529296875,414.92979431152344
2356,890.3751220703125,606.7705841064453,1717.7275390625,415.4254608154297
2357,889.4624633789062,607.3588104248047,1718.3807373046875,415.95472717285156
2358,888.4735107421875,608.2437133789062,1718.8135986328125,416.25213623046875
2359,888.6452331542969,608.9883270263672,1719.5343017578125,416.5607604980469
2360,888.6953125,608.8556976318359,1719.8115234375,417.0207214355469
2361,888.943359375,609.21533203125,1720.3560791015625,417.35235595703125
2362,888.2437133789062,609.6246948242188,1720.6197509765625,417.50482177734375
2363,886.8073425292969,610.3187713623047,1721.3455810546875,417.6138458251953
2364,885.2100219726562,611.3548278808594,1721.515869140625,417.41490173339844
2365,885.068115234375,612.2209014892578,1722.2742309570312,417.5346221923828
2366,885.6022338867188,612.6167907714844,1723.2716674804688,417.45806884765625
2367,885.5433654785156,613.1436309814453,1724.0848388671875,417.61000061035156
2368,885.7443237304688,612.3841400146484,1724.614013671875,416.89625549316406
2369,885.9056396484375,612.9826812744141,1725.873779296875,415.93971252441406
2370,885.7102661132812,613.7795104980469,1726.6146240234375,415.7948760986328
2371,886.0838928222656,614.4587707519531,1726.9039306640625,415.7612609863281
2372,885.9917602539062,615.3278961181641,1727.3294677734375,415.9871368408203
2373,886.4681396484375,616.2081146240234,1727.91357421875,416.51873779296875
2374,886.9248962402344,616.6171722412109,1728.5294799804688,416.46043395996094
2375,886.1115417480469,616.9645233154297,1728.5958251953125,416.6672821044922
2376,885.5243835449219,617.4962310791016,1729.0724487304688,417.54736328125
2377,885.8277893066406,617.5162658691406,1729.7838134765625,418.5231170654297
2378,886.24365234375,618.1247711181641,1730.2415161132812,418.9944305419922
2379,886.3990173339844,618.3729400634766,1731.4603271484375,419.7342834472656
2380,886.5825805664062,618.5369415283203,1732.0521240234375,421.2992248535156
2381,886.7232666015625,618.7859649658203,1732.9541015625,421.78700256347656
2382,886.3693542480469,619.376953125,1732.8570556640625,422.3914794921875
2383,885.6364440917969,620.1178436279297,1733.690185546875,421.85585021972656
2384,885.3100891113281,620.6837768554688,1732.6497802734375,422.38348388671875
2385,885.4687194824219,621.7165679931641,1733.7355346679688,422.889404296875
2386,886.0772094726562,622.1197814941406,1734.3134765625,423.27203369140625
2387,885.7778930664062,622.6440887451172,1734.1270751953125,423.40281677246094
2388,884.9324035644531,623.8634948730469,1734.5785522460938,423.34620666503906
2389,885.0368041992188,623.8612976074219,1734.7562255859375,423.20794677734375
2390,884.4336547851562,624.9774932861328,1735.475830078125,424.0616455078125
2391,884.4209899902344,625.7708129882812,1735.9984130859375,425.130126953125
2392,883.8629760742188,626.2841949462891,1736.791259765625,425.59130859375
2393,883.3740234375,627.2533569335938,1737.0156860351562,425.93589782714844
2394,883.4002075195312,627.4047393798828,1737.3980712890625,425.665771484375
2395,882.9678955078125,627.6490020751953,1737.9599609375,425.31553649902344
2396,883.5243225097656,628.7650451660156,1738.7786865234375,426.0345764160156
2397,885.5418090820312,629.9994964599609,1739.55322265625,427.09678649902344
2398,885.9702453613281,631.2249603271484,1740.0372924804688,427.6766357421875
2399,886.8378295898438,632.4611663818359,1741.1813354492188,428.0154113769531
2400,886.6158752441406,633.5436248779297,1742.335693359375,427.3353271484375
2401,884.9014892578125,635.2325439453125,1743.134033203125,426.14060974121094
2402,884.701171875,637.4504699707031,1743.804931640625,426.09130859375
2403,884.9371032714844,639.3773193359375,1744.3216552734375,426.3868103027344
2404,884.4473571777344,641.2890777587891,1745.165771484375,427.030029296875
2405,883.0709838867188,643.0061492919922,1745.12158203125,430.2278747558594
2406,882.1863708496094,643.9234771728516,1745.369384765625,431.6694793701172
2407,882.1864929199219,644.8667297363281,1746.0516357421875,431.19879150390625
2408,882.4427490234375,645.9181671142578,1746.7644653320312,430.9012756347656
2409,882.2648620605469,646.9113006591797,1747.4227294921875,430.7148742675781
2410,882.1153564453125,647.1324920654297,1747.856689453125,429.82366943359375
2411,882.1842956542969,648.0964508056641,1748.23974609375,430.9178924560547
2412,884.0640563964844,649.4041290283203,1749.0979614257812,430.53973388671875
2413,887.1053161621094,649.0845336914062,1749.5151977539062,430.1798400878906
2414,887.2381896972656,650.3817749023438,1750.1019287109375,430.8209228515625
2415,886.2052612304688,651.8145446777344,1750.4360961914062,431.39471435546875
2416,885.7776184082031,654.0373992919922,1750.7464599609375,432.148681640625
2417,886.2214965820312,655.2959594726562,1751.314453125,432.5110321044922
2418,886.1986083984375,656.7850341796875,1752.355712890625,433.2074737548828
2419,886.0292358398438,658.2968444824219,1753.9712524414062,433.2767791748047
2420,885.6294860839844,659.6723175048828,1755.5851440429688,434.04115295410156
2421,886.0154113769531,660.1512908935547,1756.7281494140625,435.4219055175781
2422,885.6292419433594,660.0531921386719,1760.0628662109375,435.64215087890625
2423,885.8902282714844,661.9284973144531,1762.5144653320312,436.15240478515625
2424,885.0995788574219,663.7770843505859,1764.04541015625,437.42396545410156
2425,884.1509094238281,666.3660278320312,1765.4542236328125,438.1026611328125
2426,885.1974792480469,668.2290344238281,1767.191650390625,438.2593994140625
2427,885.8156433105469,669.3222198486328,1769.2904052734375,439.608154296875
2428,883.9720153808594,671.7662963867188,1771.0653076171875,439.62225341796875
2429,884.1945190429688,673.3156433105469,1772.5228271484375,439.9011688232422
2430,885.4452819824219,674.8233337402344,1774.0352783203125,439.7219543457031
2431,885.2021179199219,675.9891357421875,1775.4216918945312,440.2936706542969
2432,886.2557983398438,676.6853332519531,1776.6448974609375,440.9295654296875
2433,887.7750549316406,678.0013732910156,1777.9541015625,441.5444641113281
2434,887.0373840332031,679.5237426757812,1779.3138427734375,441.9408721923828
2435,887.7647705078125,680.3778381347656,1781.0946655273438,440.9506378173828
2436,888.1316528320312,681.8140869140625,1781.88427734375,440.68724060058594
2437,888.6331787109375,683.2383117675781,1783.6680908203125,441.58692932128906
2438,890.4449768066406,685.6749572753906,1785.768310546875,441.8792266845703
2439,889.8823852539062,687.0458068847656,1787.1334838867188,443.94505310058594
2440,889.3463134765625,688.5230102539062,1788.9510498046875,444.8562316894531
2441,889.9843139648438,690.153564453125,1789.6570434570312,444.88099670410156
2442,891.5830688476562,691.4699401855469,1791.511962890625,445.5556640625
2443,891.7799682617188,692.0496520996094,1791.9495849609375,447.134765625
2444,892.7797546386719,693.8005676269531,1792.3663330078125,446.71954345703125
2445,893.3671569824219,695.0823364257812,1793.87890625,446.35435485839844
2446,895.0347290039062,696.6957397460938,1795.30517578125,446.31292724609375
2447,896.008544921875,698.5359191894531,1797.59619140625,447.10577392578125
2448,895.9073791503906,699.874755859375,1798.7493286132812,447.5343780517578
2449,895.3744201660156,700.7723693847656,1799.9674072265625,448.90992736816406
2450,894.4873962402344,701.6336059570312,1800.1168212890625,451.2519226074219
2451,894.4951171875,703.6273193359375,1802.1632080078125,450.80816650390625
2452,895.0575866699219,704.8934631347656,1804.1033935546875,450.28082275390625
2453,894.8512878417969,706.5917053222656,1804.4637451171875,450.93885803222656
2454,894.3988342285156,708.0456848144531,1804.80322265625,451.58018493652344
2455,893.8104553222656,710.0034484863281,1805.899658203125,452.49571228027344
2456,893.8032836914062,712.4718933105469,1808.13134765625,452.1641082763672
2457,893.9699096679688,713.3786315917969,1809.632080078125,452.3696594238281
2458,894.1004943847656,714.5734558105469,1810.385009765625,453.34027099609375
2459,895.1057739257812,716.1230163574219,1811.0321044921875,453.7463836669922
2460,895.2060852050781,717.4895629882812,1811.5806884765625,453.7761688232422
2461,896.2869262695312,718.6785888671875,1812.9144287109375,454.3902130126953
2462,896.4246520996094,720.2232360839844,1814.5352783203125,455.4781494140625
2463,895.4831237792969,721.9844360351562,1816.7198486328125,456.4996643066406
2464,896.028564453125,723.122802734375,1817.5491943359375,455.89695739746094
2465,897.2623291015625,724.2408142089844,1818.6066284179688,456.7016143798828
2466,897.0718078613281,725.8451232910156,1819.7374877929688,456.94854736328125
2467,898.4738159179688,726.5396423339844,1821.533447265625,457.23997497558594
2468,899.0566101074219,727.5555725097656,1823.3800048828125,456.9087371826172
2469,900.7320251464844,728.4685974121094,1823.6925659179688,457.4463806152344
2470,901.1787109375,729.7939453125,1825.328857421875,457.56553649902344
2471,901.0237426757812,730.6980895996094,1826.5658569335938,455.3603515625
2472,902.2846374511719,731.5243835449219,1827.37939453125,456.16722106933594
2473,903.4660034179688,731.926513671875,1827.5203857421875,456.7215881347656
2474,903.5708923339844,733.6766052246094,1827.8583984375,456.53216552734375
2475,904.0796813964844,735.286376953125,1827.9013671875,456.75035095214844
2476,904.3946838378906,737.2489624023438,1828.572509765625,457.3297576904297
2477,903.9797668457031,738.1873168945312,1828.8086547851562,457.0183410644531
2478,904.3670043945312,739.0823974609375,1829.6312255859375,457.6095733642578
2479,904.1268310546875,740.3256225585938,1830.4442138671875,459.1548767089844
2480,904.6570739746094,741.6767272949219,1830.8431396484375,458.2619171142578
2481,905.7007751464844,742.4205017089844,1831.65234375,458.11146545410156
2482,906.9442443847656,744.0779724121094,1831.9976806640625,457.98731994628906
2483,907.5523071289062,744.7745056152344,1831.8568725585938,458.1868133544922
2484,906.9732666015625,746.0807800292969,1831.93798828125,459.8384246826172
2485,907.5845642089844,747.1038208007812,1831.7080078125,458.63720703125
2486,908.3990173339844,748.8484497070312,1831.8358154296875,460.0496826171875
2487,909.0505981445312,749.4986572265625,1832.3190307617188,460.1900939941406
2488,910.08984375,750.1111145019531,1832.6707763671875,459.63426208496094
2489,911.685791015625,750.7999877929688,1832.8177490234375,460.5585479736328
2490,911.4548950195312,751.8594055175781,1832.8443603515625,461.1482696533203
2491,911.3003540039062,753.3045043945312,1833.8787841796875,460.8132781982422
2492,912.2200317382812,754.5845031738281,1833.9173583984375,463.1663818359375
2493,913.4104309082031,755.9004821777344,1834.5847778320312,462.4227752685547
2494,913.8724975585938,756.864990234375,1836.3414916992188,460.1511688232422
2495,914.876220703125,757.1213989257812,1837.4653930664062,456.56019592285156
2496,914.9186706542969,757.9009704589844,1838.0767822265625,454.9259796142578
2497,914.2787780761719,758.8267822265625,1838.1868286132812,454.81813049316406
2498,914.7347412109375,759.0889587402344,1838.4475708007812,453.91278076171875
2499,915.0476989746094,760.0156860351562,1838.6488037109375,452.69256591796875
2500,915.3962097167969,760.5008850097656,1839.0338745117188,452.4268493652344
2501,916.2159118652344,760.620361328125,1839.5289306640625,451.2574157714844
2502,915.9531860351562,760.777099609375,1839.6454467773438,450.0681915283203
2503,915.544189453125,761.1105651855469,1839.9003295898438,448.5876007080078
2504,916.5015258789062,761.4059753417969,1840.8453369140625,448.61309814453125
2505,917.2798156738281,761.6767883300781,1840.8343505859375,448.9765167236328
2506,917.2713928222656,761.7192687988281,1841.282958984375,448.3460693359375
2507,917.4983520507812,761.8421325683594,1842.0113525390625,447.38230895996094
2508,917.8472290039062,761.9363403320312,1842.9292602539062,446.5516357421875
2509,918.1830444335938,761.9457092285156,1843.6869506835938,447.60084533691406
2510,918.8120422363281,761.7419128417969,1843.2166748046875,448.7110137939453
2511,917.9190063476562,761.5848083496094,1843.5902709960938,442.8014678955078
2512,918.0111389160156,761.5054931640625,1845.01318359375,442.4478759765625
2513,919.8087768554688,762.1405029296875,1846.8773803710938,435.919677734375
2514,919.8995056152344,761.7469177246094,1847.564208984375,440.15870666503906
2515,919.4737548828125,760.9967346191406,1847.9100952148438,440.6684875488281
2516,921.2396850585938,761.4570922851562,1847.9959716796875,441.2320861816406
2517,921.4165344238281,760.0616149902344,1848.26806640625,440.1643829345703
2518,921.9717102050781,759.8082885742188,1847.8786010742188,437.0050048828125
2519,922.0731201171875,759.7413940429688,1847.4732666015625,438.01959228515625
2520,922.2019653320312,760.0383911132812,1848.4786376953125,439.5506896972656
2521,922.4937744140625,760.5763549804688,1849.7757568359375,433.60389709472656
2522,923.7438049316406,760.6175537109375,1850.5895385742188,433.6729736328125
2523,924.4710693359375,760.7744445800781,1851.802001953125,429.8170623779297
2524,924.8278198242188,760.5863952636719,1853.3047485351562,426.7147216796875
2525,925.6831359863281,760.7053527832031,1853.7333984375,423.8911666870117
2526,926.69287109375,760.5721130371094,1855.2135009765625,421.75142669677734
2527,927.4782409667969,760.8361511230469,1856.3021850585938,418.34961700439453
2528,928.6824340820312,761.0809936523438,1856.4591674804688,415.3255386352539
2529,929.9741821289062,761.0514221191406,1855.5291137695312,413.87923431396484
2530,930.2129211425781,760.8081665039062,1855.427490234375,416.4171142578125
2531,931.9229736328125,760.5727844238281,1856.7463989257812,416.64564514160156
2532,932.3753967285156,760.09130859375,1857.0796508789062,415.2360382080078
2533,933.5484924316406,759.2733764648438,1858.2266845703125,415.20774841308594
2534,933.9142456054688,758.7619323730469,1859.1494750976562,410.51688385009766
2535,934.4439392089844,758.0730895996094,1859.8978271484375,410.61820220947266
2536,934.7196960449219,757.3444213867188,1860.6552124023438,411.93528747558594
2537,935.6007995605469,756.9683227539062,1859.8983764648438,411.6384048461914
2538,936.4753723144531,756.5137023925781,1859.4746704101562,410.8922805786133
2539,937.9513244628906,756.2764587402344,1860.0646362304688,423.16534423828125
2540,938.5865783691406,755.0194702148438,1861.4119262695312,418.4529724121094
2541,939.68359375,753.8053894042969,1861.6384887695312,416.7105026245117
2542,940.5345764160156,752.0546264648438,1862.568603515625,356.5249557495117
2543,940.6695251464844,750.2385559082031,1862.9811401367188,394.9004440307617
2544,940.8130798339844,748.5743103027344,1863.419677734375,405.3180389404297
2546,941.505615234375,746.4583740234375,1864.6375732421875,381.83760833740234
2547,942.1305236816406,745.4307861328125,1865.2490844726562,388.02405548095703
2548,943.2278747558594,745.5033569335938,1866.5739135742188,375.18314361572266
2549,943.9582824707031,745.6962890625,1868.1897583007812,371.96875762939453
2550,944.7532958984375,745.4258422851562,1868.5858764648438,388.2310791015625
2630,969.9695434570312,839.0831298828125,1856.336181640625,320.1020736694336
2631,978.8479309082031,848.6258850097656,1855.2896118164062,312.2612838745117
2632,984.2212524414062,848.1794738769531,1854.7820434570312,315.1585693359375
2633,990.3376159667969,854.8677673339844,1855.4443359375,307.8076171875
2634,993.4517211914062,857.85107421875,1854.9759521484375,304.74803924560547
2635,1003.4853210449219,856.1268005371094,1850.8910522460938,307.6245346069336
2636,1005.6888122558594,857.0537414550781,1852.0986328125,305.9481735229492
2637,1011.6190795898438,853.5551452636719,1853.4955444335938,311.5198440551758
2638,1020.50341796875,851.4231872558594,1855.3910522460938,313.1427307128906
2639,1032.1438293457031,849.2055053710938,1849.449951171875,311.3686218261719
2640,1038.0063781738281,845.1929931640625,1848.5110473632812,310.86790466308594
2641,1047.0873107910156,845.1850891113281,1846.2044677734375,310.52542877197266
2642,1051.2161865234375,842.7139587402344,1841.4658813476562,309.53153228759766
2643,1061.8907165527344,840.3855895996094,1839.409423828125,306.8697967529297
2644,1064.1335144042969,841.4829406738281,1838.5078125,304.5068664550781
2645,1074.9204406738281,843.0870971679688,1838.624267578125,301.94153594970703
2646,1080.9660339355469,845.0842895507812,1836.1549072265625,303.1526336669922
2647,1092.3284606933594,848.2336730957031,1832.8722534179688,303.7102813720703
2648,1098.1180725097656,851.8087463378906,1831.3927001953125,304.84588623046875
2649,1102.3143005371094,850.1856689453125,1831.3773193359375,306.7958450317383
2650,1105.9630737304688,851.208740234375,1829.42822265625,302.90564727783203
2651,1108.0947570800781,851.1534729003906,1825.7880249023438,300.3961486816406
2652,1108.0611572265625,852.9614868164062,1822.2718505859375,299.85501861572266
2653,1107.6304016113281,853.4222412109375,1818.5169067382812,300.27911376953125
2654,1110.0397033691406,850.56640625,1816.3663330078125,300.41573333740234
2655,1108.2196350097656,848.2576293945312,1815.0444946289062,297.99813079833984
2656,1107.9332580566406,842.7236633300781,1811.85205078125,298.2837219238281
2657,1107.26220703125,835.0280456542969,1808.712158203125,298.67891693115234
2658,1105.8194885253906,834.4131469726562,1809.212158203125,295.3517074584961
2659,1102.5230712890625,829.9526062011719,1804.251708984375,293.35337829589844
2682,1101.65087890625,760.8979797363281,1719.54345703125,284.0188674926758
2683,1102.8429260253906,755.9192504882812,1717.3399658203125,283.6151657104492
2684,1103.069091796875,754.9949340820312,1716.6536254882812,285.09679412841797
2685,1103.17578125,751.1335144042969,1714.17919921875,287.15245056152344
2686,1102.9205322265625,748.2725524902344,1712.2197875976562,284.3795928955078
2687,1102.5634765625,742.1087646484375,1711.7540893554688,283.4593963623047
2688,1102.9954223632812,737.3269958496094,1707.9541625976562,283.3439712524414
2689,1103.4055786132812,734.3098602294922,1706.8052978515625,282.5497741699219
2690,1102.4320068359375,730.8099517822266,1704.0611572265625,281.04235076904297
2691,1101.6575317382812,728.3807373046875,1697.84619140625,279.2172393798828
2692,1100.1542358398438,725.7196044921875,1697.3756103515625,278.81373596191406
2693,1098.4086608886719,723.4071807861328,1694.15771484375,278.4499740600586
2694,1096.1845703125,719.9874114990234,1693.1627197265625,279.03297424316406
2695,1093.26123046875,717.6192169189453,1692.3511352539062,279.0404510498047
2696,1089.5876770019531,716.7906036376953,1691.63671875,279.1183776855469
2697,1085.5548400878906,715.2277984619141,1690.0142211914062,278.46939849853516
2698,1084.6675109863281,714.8816375732422,1689.2161865234375,277.2839126586914
2778,550.8761749267578,295.39786529541016,1518.654296875,805.6321105957031
2779,539.6814880371094,309.34510803222656,1532.9644165039062,800.1895751953125
2780,529.0125579833984,311.80521392822266,1544.5777587890625,793.7579956054688
2781,519.3768157958984,312.1013641357422,1551.487548828125,790.4188842773438
2782,510.4286651611328,311.9424743652344,1558.35107421875,789.9353637695312
2783,500.5887451171875,310.05564880371094,1565.0532836914062,787.3551330566406
2784,492.6957092285156,313.26378631591797,1567.9005737304688,790.0663757324219
2785,484.1261749267578,313.3737487792969,1572.2557373046875,788.7374877929688
2786,481.55389404296875,314.5330505371094,1573.9496459960938,789.218994140625
2787,474.6108856201172,314.4240417480469,1574.5445556640625,789.1061706542969
2788,471.5076599121094,317.1995544433594,1574.8626708984375,789.3051147460938
2789,464.7238006591797,317.2569580078125,1576.4347534179688,789.4886779785156
2790,461.8504943847656,318.29054260253906,1577.7088623046875,788.4956359863281
2791,456.33160400390625,322.64776611328125,1579.3152465820312,786.9458923339844
2792,450.77679443359375,324.2212371826172,1578.8731689453125,787.3104858398438
2793,440.58616638183594,325.5337371826172,1581.750732421875,786.977783203125
2794,440.4487609863281,327.66036224365234,1581.3973388671875,785.3795166015625
2795,433.56333923339844,327.7056121826172,1579.7316284179688,782.2510986328125
2796,432.7493133544922,328.38207244873047,1578.5540771484375,782.8175048828125
2797,424.5801544189453,330.85986328125,1578.3145751953125,782.5907287597656
2798,420.2632141113281,331.7018280029297,1576.6987915039062,780.9183349609375
2799,414.3739471435547,333.0834503173828,1574.9273071289062,781.1996154785156
2800,408.10728454589844,333.8185729980469,1573.5333251953125,778.996826171875
2801,391.75144958496094,335.13622283935547,1572.6448364257812,777.6687927246094
2802,385.6226348876953,335.83050537109375,1571.3901977539062,777.0583190917969
2803,376.4300994873047,339.0518341064453,1570.7061157226562,776.8150634765625
2804,368.23260498046875,345.0561218261719,1570.7083129882812,774.7820129394531
2805,364.4031219482422,348.0176239013672,1571.3521118164062,772.8747253417969
2806,359.70689392089844,349.3418960571289,1572.755859375,770.3435363769531
2807,358.3847351074219,351.94810485839844,1576.2879638671875,769.5324096679688
2808,354.2482604980469,355.20508575439453,1577.5784301757812,769.0713195800781
2809,351.6366729736328,360.1476593017578,1581.4075927734375,772.2225646972656
2810,348.582275390625,361.39488983154297,1583.2023315429688,772.2571716308594
2811,343.5282287597656,365.7390670776367,1586.9398803710938,771.547119140625
2812,337.5504608154297,368.1028060913086,1590.9905395507812,773.9991760253906
2813,332.67969512939453,369.0372085571289,1593.3529663085938,776.2606201171875
2814,331.0269012451172,368.49403381347656,1597.119140625,777.4487915039062
2815,328.30897521972656,371.8752975463867,1603.293212890625,778.9735107421875
2816,326.20397186279297,370.8119201660156,1605.8333129882812,779.6511840820312
2817,317.73472595214844,375.34986877441406,1608.0631103515625,779.666748046875
2818,312.3644714355469,378.12110137939453,1610.155517578125,779.0763854980469
2819,303.8244934082031,380.70409393310547,1612.452392578125,781.0526733398438
2820,300.89524841308594,380.45401763916016,1613.2728881835938,782.0771179199219
2821,295.27037811279297,382.98439025878906,1614.0419311523438,782.9534912109375
2822,284.42747497558594,383.6902160644531,1609.4403076171875,783.8126220703125
2823,277.25687408447266,384.90525817871094,1610.6240844726562,781.8163757324219
2824,270.34569549560547,383.4262390136719,1611.1514282226562,781.5575561523438
2825,259.0662155151367,384.38314056396484,1615.3271484375,782.5469665527344
2826,248.9830780029297,385.2490005493164,1606.8086547851562,781.3906860351562
2827,239.30357360839844,385.9784469604492,1615.0147705078125,780.9078369140625
2828,234.0171661376953,386.43917083740234,1601.8362426757812,778.66845703125
2829,229.9239273071289,387.5015335083008,1618.2929077148438,778.4137268066406
2830,223.3006362915039,387.89588928222656,1620.1937255859375,776.9677734375
2831,219.9662628173828,390.16117095947266,1624.3707275390625,776.0901184082031
2832,218.6943817138672,391.1937255859375,1626.7628173828125,775.2307434082031
2833,216.57022094726562,395.56868743896484,1628.718017578125,771.6887512207031
2834,215.5805435180664,400.8589630126953,1628.4749755859375,769.3623046875
2835,212.9440460205078,407.546142578125,1627.7442016601562,766.1892700195312
2836,210.73184967041016,409.79969024658203,1626.5877685546875,765.2256774902344
2837,206.6971206665039,411.4362335205078,1625.5960693359375,763.392578125
2838,204.64892959594727,410.09444427490234,1622.8531494140625,760.9227600097656
2839,200.68975830078125,415.2567367553711,1623.08349609375,758.1976928710938
2840,198.052734375,417.2526626586914,1622.1748657226562,757.0430603027344
2841,194.64588928222656,421.31754302978516,1618.8629150390625,754.2694396972656
2842,193.00630569458008,424.30992126464844,1614.4328002929688,752.1485595703125
2843,192.44397354125977,427.8017044067383,1611.4661254882812,750.825439453125
2844,188.54761123657227,430.61583709716797,1608.27392578125,750.6818542480469
2845,185.76387786865234,432.0187683105469,1605.612060546875,750.8464050292969
2846,182.25015258789062,433.3676986694336,1604.1995849609375,750.9000549316406
2847,177.93328857421875,434.313232421875,1602.6708374023438,750.2444152832031
2848,169.90966796875,434.2169189453125,1601.3681030273438,749.1325378417969
2849,166.51072311401367,434.13665771484375,1600.7640380859375,748.0223388671875
2850,161.45383834838867,435.0975646972656,1598.0331420898438,748.246826171875
2851,157.47320938110352,436.0602569580078,1598.2569580078125,748.390869140625
2852,152.61032485961914,436.78773498535156,1600.57763671875,749.1918640136719
2853,147.1748275756836,437.0440673828125,1601.5682373046875,749.4173583984375
2854,144.14114379882812,435.8382873535156,1601.5498657226562,750.5576171875
